"Timestamp","How did you first learn about ChatGPT?","Have you ever used ChatGPT before?","What do you use ChatGPT for? (Select all that apply)","On a scale of 1-5, how easy is it to use ChatGPT?","On a scale of 1-5, how helpful do you find ChatGPT?","Have you ever encountered any issues or problems while using ChatGPT? (Select all that apply)"
"2023/03/26 9:00:29 pm GMT+8","social media","Yes, frequently","Answering questions;Generating new ideas","4 (Easy)","4 (Very helpful)","Inaccurate responses;Technical issues (e.g. website crashing, errors)"
"2023/03/26 9:00:56 pm GMT+8","online search","Yes, but rarely","Improving writing or communication skills","3 (Neutral)","5 (Extremely helpful)","Technical issues (e.g. website crashing, errors);Unhelpful responses;None, I have not encountered any issues"
"2023/03/26 9:03:57 pm GMT+8","friend or colleague","Yes, frequently","Answering questions","3 (Neutral)","4 (Very helpful)","Slow response time;Inaccurate responses;Technical issues (e.g. website crashing, errors);Unhelpful responses"
"2023/03/26 9:04:27 pm GMT+8","social media","Yes, frequently","Answering questions;Generating new ideas","1 (Very difficult)","1 (Not helpful at all)","Slow response time;Inaccurate responses;Technical issues (e.g. website crashing, errors);Unhelpful responses;None, I have not encountered any issues"
"2023/03/26 9:08:09 pm GMT+8","social media","Yes, frequently","Answering questions","5 (Very easy)","5 (Extremely helpful)","Slow response time"
"2023/03/26 9:12:01 pm GMT+8",social media,"Yes, frequently",Answering questions;Generating new ideas,5 (Very easy),5 (Extremely helpful),Slow response time
"2023/03/26 9:13:11 pm GMT+8",online search,"Yes, but rarely",Answering questions;Improving writing or communication skills,3 (Neutral),4 (Very helpful),Slow response time;Inaccurate responses
"2023/03/26 9:16:49 pm GMT+8",news article or blog post,"Yes, frequently",Answering questions;Having fun and chatting with an AI,4 (Easy),4 (Very helpful),Slow response time
"2023/03/26 9:18:35 pm GMT+8","social media","No, but I am interested in using it","Answering questions;Generating new ideas;Having fun and chatting with an AI","4 (Easy)","3 (Moderately helpful)","None, I have not encountered any issues"
"2023/03/26 9:22:17 pm GMT+8","online search","Yes, but rarely","Improving writing or communication skills","4 (Easy)","4 (Very helpful)","None, I have not encountered any issues"
"2023/03/26 9:25:49 pm GMT+8","friend or colleague","No, and I am not interested in using it","","","1 (Not helpful at all)","None, I have not encountered any issues"
"2023/03/26 9:28:12 pm GMT+8","social media","Yes, frequently","Answering questions;Generating new ideas","5 (Very easy)","5 (Extremely helpful)","None, I have not encountered any issues"
"2023/03/26 9:31:01 pm GMT+8","online search","No, but I am interested in using it","Answering questions;Generating new ideas;Improving writing or communication skills;Having fun and chatting with an AI","3 (Neutral)","3 (Moderately helpful)","None, I have not encountered any issues"
"2023/03/26 9:33:44 pm GMT+8","news article or blog post","No, but I am interested in using it","","","3 (Moderately helpful)","None, I have not encountered any issues"
"2023/03/26 9:36:15 pm GMT+8","social media","Yes, frequently","Answering questions;Generating new ideas;Improving writing or communication skills;Having fun and chatting with an AI","4 (Easy)","4 (Very helpful)","None, I have not encountered any issues"
"2023/03/26 9:38:56 pm GMT+8","online search","Yes, rarely","Answering questions;Generating new ideas","4 (Easy)","4 (Very helpful)","None, I have not encountered any issues"
"2023/03/26 9:41:23 pm GMT+8","friend or colleague","Yes, frequently","Answering questions","3 (Neutral)","3 (Moderately helpful)","Slow response time;Inaccurate responses"
"2023/03/26 9:46:51 pm GMT+8","online search","No, and I am not interested in using it","","","1 (Not helpful at all)","None, I have not encountered any issues"
"2023/03/26 9:49:29 pm GMT+8","social media","Yes, but rarely","Answering questions;Generating new ideas","2 (Difficult)","4 (Very helpful)","Slow response time"
"2023/03/26 9:52:10 pm GMT+8","online search","No, but I am interested in using it","","","3 (Moderately helpful)","None, I have not encountered any issues"
"2023/03/26 9:54:53 pm GMT+8","social media","Yes, frequently","Answering questions;Generating new ideas;Having fun and chatting with an AI","5 (Very easy)","5 (Extremely helpful)","None, I have not encountered any issues"
"2023/03/26 9:57:37 pm GMT+8","friend or colleague","Yes, but rarely","Answering questions;Improving writing or communication skills","4 (Easy)","3 (Moderately helpful)","Unhelpful responses"